run,sigma,method,recovery_error,mean_abs_cosine,mean_angle_degrees,subspace_error,estimated_rank,reference_rank
0,0.0,naive_mean,0.9521493431175228,0.5467058142004347,55.61073141663409,0.31946766121922276,10,10
0,0.0,naive_median,0.9197633672872327,0.5770176740982256,52.508949453338445,0.33127908238333525,10,10
0,0.0,srf_noalignment,0.20098333106676056,0.9798028503166544,6.336827304087094,0.13765054218461292,10,10
0,0.0,SF,0.008676295137933035,0.9999623609513396,0.4708175051888069,0.004731068515192502,10,10
0,0.0,SRF,0.010270439562347605,0.9999472590355982,0.5667629323047498,0.006714064865360092,10,10
0,0.4,naive_mean,0.9159608547223813,0.5805078563081228,54.1186452966633,0.2488244847473113,10,10
0,0.4,naive_median,0.8827617875552934,0.6103658132160918,51.66842357326177,0.3163757370959538,10,10
0,0.4,srf_noalignment,0.2265229892368906,0.9743436676735918,7.014137032843189,0.17623673807951307,10,10
0,0.4,SF,0.025135542523254117,0.999684102251031,1.426949796090441,0.022110009115146656,10,10
0,0.4,SRF,0.021119506085502355,0.9997769832313524,1.195111939643677,0.01845408783572159,10,10
0,0.8,naive_mean,0.8845785283964086,0.6087604135500223,51.70577904739707,0.4392830225493847,10,10
0,0.8,naive_median,0.8256270161771642,0.6591700150791967,47.41650959410292,0.432592627872309,10,10
0,0.8,srf_noalignment,0.5903923243101203,0.825718451697847,21.94805701179867,0.48861050554029994,10,10
0,0.8,SF,0.05395289244687725,0.9985445426983081,3.072895998228544,0.048355980349962684,10,10
0,0.8,SRF,0.03011304743531544,0.9995466021870791,1.7024433299358308,0.026541998665806532,10,10
0,1.2,naive_mean,0.8662448627671415,0.6248099188647684,50.24759089170455,0.4855187986255725,10,10
0,1.2,naive_median,0.8049902617964575,0.6759953392064355,45.76785865242424,0.46406851215201994,10,10
0,1.2,srf_noalignment,0.23929494326835732,0.9713689650630967,9.539437742924344,0.19100060774252178,10,10
0,1.2,SF,0.09709302758935535,0.9952864719967666,5.5302667162960555,0.0836317008264138,10,10
0,1.2,SRF,0.03721705484039834,0.9993074454145037,2.0970590382454963,0.032086115564955345,10,10
0,1.6,naive_mean,0.9756642484490011,0.5240396371492222,57.821528393801486,0.622612546613358,10,10
0,1.6,naive_median,0.9379681234911884,0.5601078996572085,55.14105183827123,0.5942623215269605,10,10
0,1.6,srf_noalignment,0.6507276359416865,0.788276771910872,29.531403553812662,0.5056511356216812,10,10
0,1.6,SF,0.17889712509068223,0.9839979093171445,10.120085844388619,0.13630822695139005,10,10
0,1.6,SRF,0.05149249272930236,0.9986742615962616,2.8829798832229283,0.03723875736160216,10,10
0,2.0,naive_mean,0.9943423542126012,0.5056416413094713,59.389997610769,0.6507569882039531,10,10
0,2.0,naive_median,0.9673999284138054,0.5320686892524841,57.44264665856284,0.6313771208010902,10,10
0,2.0,srf_noalignment,0.6739989013022151,0.7728627405217039,30.288520416509606,0.5465434709614144,10,10
0,2.0,SF,0.20223246310858722,0.9795510154325173,11.459867228629392,0.17201037537389777,10,10
0,2.0,SRF,0.05206468368022457,0.9986446343566392,2.8671804432208767,0.041386547738743555,10,10
1,0.0,naive_mean,0.8978127226116451,0.5969661575583334,52.40714946732508,0.22901459351869968,10,10
1,0.0,naive_median,0.8590671511818643,0.6310018148801386,49.036532771885625,0.23057746161632744,10,10
1,0.0,srf_noalignment,0.09431942758061045,0.9955519227904333,2.853987603357809,0.08449515151489266,10,10
1,0.0,SF,0.006131655136194917,0.9999812014026455,0.3416272126236716,0.0037860177149772805,10,10
1,0.0,SRF,0.00891098766961132,0.9999602971493757,0.49678068216790594,0.006154236964170031,10,10
1,0.4,naive_mean,0.9083777243649532,0.587424954938775,53.033770242018534,0.2590669867456052,10,10
1,0.4,naive_median,0.8500301064386814,0.6387244090739225,47.67202374275665,0.27427682153982674,10,10
1,0.4,srf_noalignment,0.19867368301877517,0.980264383837878,5.282963334523717,0.16990272257713881,10,10
1,0.4,SF,0.024793071304438197,0.9996926518076468,1.405168885162897,0.0219009651172056,10,10
1,0.4,SRF,0.021739304896844332,0.9997637013113012,1.2232470001822409,0.01810287001699639,10,10
1,0.8,naive_mean,0.9518702980854695,0.54697146781134,55.96391324188521,0.42656578577489007,10,10
1,0.8,naive_median,0.9344840200253411,0.5633698081586391,54.03111240211267,0.39982421344931923,10,10
1,0.8,srf_noalignment,0.04865553690374121,0.9988163193643043,2.645321975738603,0.044151231142683586,10,10
1,0.8,SF,0.0515888740279363,0.998669294038265,2.925795313757972,0.04689791866381385,10,10
1,0.8,SRF,0.030436087136654764,0.9995368222999051,1.7109409481460283,0.025085355659837192,10,10
1,1.2,naive_mean,0.8805580456306966,0.6123087641375243,51.23173323990343,0.4704294702272147,10,10
1,1.2,naive_median,0.7988809712010878,0.6808945969264034,44.47454236642018,0.43336628131353183,10,10
1,1.2,srf_noalignment,0.08886272038500576,0.9960517084628883,4.209617872691853,0.078342879730174,10,10
1,1.2,SF,0.09103265848547488,0.9958565275445336,5.148197153308715,0.0809831488195064,10,10
1,1.2,SRF,0.03656262325588668,0.9993315872903239,2.040499300831873,0.02876735890072473,10,10
1,1.6,naive_mean,0.8965910184425838,0.598062272824045,52.18007887470894,0.5542047350982218,10,10
1,1.6,naive_median,0.832432544800498,0.6535280291784838,46.789669631522806,0.5180931319953278,10,10
1,1.6,srf_noalignment,0.4958930180023651,0.8770450573482529,17.17423715366312,0.34955632812987697,10,10
1,1.6,SF,0.17208743810887703,0.9851929568225619,9.641552964283395,0.13010612509363598,10,10
1,1.6,SRF,0.04313373187790539,0.9990697405871426,2.362376964780875,0.029791775963891584,10,10
1,2.0,naive_mean,0.9587041717103739,0.5404431555725635,56.266901257049504,0.5963160145706833,10,10
1,2.0,naive_median,0.9045974219333565,0.5908517521157625,51.58193263444711,0.5633866546608991,10,10
1,2.0,srf_noalignment,0.453620511418897,0.897114215810029,17.968571964738114,0.36687253716899626,10,10
1,2.0,SF,0.2137161793261844,0.977162697347109,11.369168159014526,0.17099248934738379,10,10
1,2.0,SRF,0.046751588513900065,0.9989071444857135,2.4634330873514925,0.03243511977452557,10,10
2,0.0,naive_mean,0.9041449848629948,0.5912609231735472,53.02417677335834,0.33546584405092106,10,10
2,0.0,naive_median,0.8543586467332999,0.635035651376022,48.919148903555524,0.2562950498058075,10,10
2,0.0,srf_noalignment,0.4883429639251528,0.8807605747923984,17.09962379926651,0.3701453840872603,10,10
2,0.0,SF,0.012061778748748121,0.9999272567467082,0.6644391946581801,0.006868367556465638,10,10
2,0.0,SRF,0.015300539208724437,0.9998829467499609,0.8330385129508334,0.008614012343287836,10,10
2,0.4,naive_mean,0.9239951938010332,0.573116440916296,54.314313980084435,0.3662762353419554,10,10
2,0.4,naive_median,0.8714575806361825,0.6202808425758659,49.985433360262206,0.3301107219170364,10,10
2,0.4,srf_noalignment,0.2504031441223837,0.9686491327068127,9.136274411355592,0.21047748701793914,10,10
2,0.4,SF,0.02559245597804952,0.9996725130985059,1.4534703209637385,0.021723535801536867,10,10
2,0.4,SRF,0.02163668606003032,0.99976592690817,1.2233409825125368,0.01815812300249204,10,10
2,0.8,naive_mean,0.8909190438825907,0.603131628623666,50.91405910567269,0.3417132975204933,10,10
2,0.8,naive_median,0.8459915757637464,0.6421491268683868,45.87663345563332,0.36078206140391234,10,10
2,0.8,srf_noalignment,0.20991693094347072,0.9779674410516369,7.54824767028458,0.1788119925552935,10,10
2,0.8,SF,0.05194097343686039,0.9986510676392157,2.9541871108410676,0.04684349317958153,10,10
2,0.8,SRF,0.029785487085909876,0.9995564123795277,1.6744417195068315,0.02586603457607221,10,10
2,1.2,naive_mean,0.9899234094136516,0.5100258217474262,58.95439022980391,0.5389746019201134,10,10
2,1.2,naive_median,0.9669138864796759,0.5325387680663848,57.226833003357605,0.5218188682267879,10,10
2,1.2,srf_noalignment,0.3240130793117942,0.9475077622174446,12.714352792655056,0.27120675368792907,10,10
2,1.2,SF,0.11131628253974114,0.9938043426207666,6.241671302121295,0.08337446205943573,10,10
2,1.2,SRF,0.04212879523574711,0.9991125823059923,2.351591257117966,0.03124350846620936,10,10
2,1.6,naive_mean,0.92526611871833,0.5719413047759584,54.32010821104602,0.5722776633727874,10,10
2,1.6,naive_median,0.8780328578078483,0.6145291503048915,50.40328145026294,0.5481805697043199,10,10
2,1.6,srf_noalignment,0.3945005255544389,0.9221846676686358,16.54566335866204,0.3256353907498599,10,10
2,1.6,SF,0.1696669579570289,0.9856065616888039,9.582540729711654,0.13323001424542819,10,10
2,1.6,SRF,0.043917042597341506,0.9990356466847515,2.47302024176239,0.03339189321388231,10,10
2,2.0,naive_mean,1.0055349581636583,0.49444972395540426,59.34255315131181,0.6354033455214522,10,10
2,2.0,naive_median,0.9726120944334428,0.5270128568808958,56.45039366166519,0.6157653944619401,10,10
2,2.0,srf_noalignment,0.5231394407233564,0.8631625627798268,23.62813695805432,0.4407914756040679,10,10
2,2.0,SF,0.20938238360973718,0.9780795087169525,10.952957970534657,0.16237297044628551,10,10
2,2.0,SRF,0.06788248131713556,0.9976959843651143,3.0476857143274567,0.046439923227125576,10,10
3,0.0,naive_mean,0.913363549382166,0.5828835133300054,53.88493380447439,0.3135395386739339,10,10
3,0.0,naive_median,0.8684568949306595,0.6228913108236984,50.66001404515528,0.3288323892613398,10,10
3,0.0,srf_noalignment,0.4348815184623318,0.9054390324499483,12.448014487453836,0.31547122476299283,10,10
3,0.0,SF,0.012651113474357798,0.9999199746639296,0.6892603812353456,0.00819390432795667,10,10
3,0.0,SRF,0.011177002931144079,0.9999375373027389,0.6187097230627376,0.008083461820868243,10,10
3,0.4,naive_mean,0.9355414644843689,0.5623810841152211,55.28042351157289,0.33587053412340095,10,10
3,0.4,naive_median,0.8983160969036506,0.5965140950218968,51.823857974263795,0.33927416755992296,10,10
3,0.4,srf_noalignment,0.12486895970120065,0.9922038714515701,4.268277928461687,0.06645734855972578,10,10
3,0.4,SF,0.029936428656193444,0.9995519051196566,1.67212965175692,0.025141356092834972,10,10
3,0.4,SRF,0.020455730012815036,0.9997907815548215,1.1555485530035536,0.017342033539222864,10,10
3,0.8,naive_mean,0.9070642908098947,0.5886171861687709,53.45606222984277,0.39822222347354347,10,10
3,0.8,naive_median,0.8662288496264998,0.6248237900373749,50.053863671575215,0.3842280227424458,10,10
3,0.8,srf_noalignment,0.34304189844352895,0.9411611279561299,10.007517112124882,0.28857487220942796,10,10
3,0.8,SF,0.06025504539275865,0.9981846647523582,3.386638702581643,0.051537404040920554,10,10
3,0.8,SRF,0.027893869225516652,0.9996109660298149,1.577546009314493,0.02408454088161972,10,10
3,1.2,naive_mean,0.983058957475201,0.5167975430638853,58.4632036498554,0.4895793923123612,10,10
3,1.2,naive_median,0.9605661240650112,0.5386563606493597,56.68432203380992,0.47559522120745384,10,10
3,1.2,srf_noalignment,0.325098708762801,0.9471554147803799,11.555809578847578,0.28231899051679643,10,10
3,1.2,SF,0.12028844065967088,0.9927653455218326,6.702383838437404,0.08984496511658582,10,10
3,1.2,SRF,0.03378879381720084,0.9994291587061894,1.913998678789157,0.027291918121649557,10,10
3,1.6,naive_mean,1.020129062141577,0.4796683482870736,61.06428328538609,0.5445677780835458,10,10
3,1.6,naive_median,1.0081444642575312,0.491822369593448,60.08055156228975,0.5302853453247507,10,10
3,1.6,srf_noalignment,0.2956197455657474,0.9563044830158217,13.035791108213308,0.207193801509456,10,10
3,1.6,SF,0.18694652511142057,0.9825254983743827,10.58755987665828,0.14189094384968534,10,10
3,1.6,SRF,0.04358476137268179,0.9990501842880433,2.4517028103824354,0.030396649869989287,10,10
3,2.0,naive_mean,0.9970879991320731,0.5029077609933991,59.12436070942899,0.6150630024970619,10,10
3,2.0,naive_median,0.9727274688543621,0.526900635668093,56.98958736507028,0.5973556326057542,10,10
3,2.0,srf_noalignment,0.6989597510683015,0.7557276331932687,29.048874341652738,0.5421408773899393,10,10
3,2.0,SF,0.19547755679199266,0.9808942623953169,10.233984424322117,0.16256018208243075,10,10
3,2.0,SRF,0.07863320875126066,0.9969084092407405,3.167872825773023,0.0613836340684582,10,10
4,0.0,naive_mean,0.8798123711758474,0.612965095762967,49.611153695331396,0.2899660995045713,10,10
4,0.0,naive_median,0.8489842526050395,0.639612869414331,47.27298284495474,0.2985601889936683,10,10
4,0.0,srf_noalignment,0.40650769305250434,0.9173757477445654,13.824532174023943,0.31262300718985736,10,10
4,0.0,SF,0.008875059148412296,0.9999606166625563,0.48903215756863805,0.004131812836418053,10,10
4,0.0,SRF,0.011458798542088297,0.9999343479679862,0.6136051600668869,0.007051487577397166,10,10
4,0.4,naive_mean,0.9616639449078579,0.5376012285321288,56.99720913041773,0.2900875331062587,10,10
4,0.4,naive_median,0.9165157808366863,0.5799994117386595,53.63466491624895,0.27895665679906073,10,10
4,0.4,srf_noalignment,0.47917147485560435,0.8851973488423528,14.191682164518223,0.377920507610809,10,10
4,0.4,SF,0.023377266309157665,0.9997267517099557,1.3284373696078504,0.02116255429377219,10,10
4,0.4,SRF,0.019296743057794167,0.9998138178536807,1.0900926291336044,0.017087909991314112,10,10
4,0.8,naive_mean,0.9804446749916784,0.5193641196402302,58.24742675272025,0.4137009152008856,10,10
4,0.8,naive_median,0.9546142698812186,0.5443557978695744,56.3862116182587,0.3932359668252635,10,10
4,0.8,srf_noalignment,0.2189581245401806,0.9760286698489233,7.402198227973875,0.1947357876558396,10,10
4,0.8,SF,0.05014414431739703,0.9987427823953382,2.8486893014696517,0.04615879696959771,10,10
4,0.8,SRF,0.027044865422336743,0.9996342876271438,1.52365793496578,0.024198297011340526,10,10
4,1.2,naive_mean,0.9613007933834885,0.5379503923201371,56.491031070399174,0.49725472587609454,10,10
4,1.2,naive_median,0.9273806168554224,0.5699825957404276,53.67461621979403,0.49012484094569214,10,10
4,1.2,srf_noalignment,0.4174077311808595,0.9128853929752235,12.85121958513298,0.3208074354916992,10,10
4,1.2,SF,0.1098677489581353,0.9939645388694363,6.208226492869101,0.08497658755637506,10,10
4,1.2,SRF,0.03507418176740889,0.9993849008866734,1.9501888993627685,0.02857287554171598,10,10
4,1.6,naive_mean,1.0020692932387607,0.4979285657739852,59.904798688693994,0.5835584280018945,10,10
4,1.6,naive_median,0.9687647823169669,0.5307473982711804,57.427447838516514,0.5653715847902885,10,10
4,1.6,srf_noalignment,0.4344822903133309,0.9056125697020414,15.259608161785774,0.34283806191606936,10,10
4,1.6,SF,0.1801032793610892,0.9837814043816909,10.161931485833055,0.13380877974995167,10,10
4,1.6,SRF,0.03980961567152832,0.9992075972500425,2.2243609841401826,0.029948775865427504,10,10
4,2.0,naive_mean,1.0110228312038594,0.48891641739226666,60.21593213303388,0.6581535472720735,10,10
4,2.0,naive_median,0.9889375096211888,0.5110013010321202,58.353731955674746,0.6436578292398083,10,10
4,2.0,srf_noalignment,0.6450488435185083,0.7919559947377174,26.68034370177569,0.49190162628172385,10,10
4,2.0,SF,0.22821784376868592,0.9739583078927859,12.518761458939627,0.17894121011217753,10,10
4,2.0,SRF,0.053921477855445654,0.9985462371129422,2.676047648435494,0.03819037399270525,10,10
