sigma,method,error_mean,error_sd,cosine_mean
0.0,SF,0.009679180329129233,0.002680787497330797,0.9999502820854358
0.0,SRF,0.011423553582783148,0.002384098696934202,0.999932477641132
0.0,naive_mean,0.9094565942300352,0.02683518216330409,0.5861563008050575
0.0,naive_median,0.8701260625476192,0.028655432260097757,0.6211118641184832
0.0,srf_noalignment,0.325006986817472,0.16881353352970452,0.9357860256188
0.4,SF,0.025766952954218592,0.0024734946778668795,0.9996655847973592
0.4,SRF,0.020849594022597243,0.0010062836098656946,0.9997822421718652
0.4,naive_mean,0.9291078364561189,0.020796703813738136,0.5682063129621088
0.4,naive_median,0.8838162704740988,0.025371524261483057,0.6091769143252873
0.4,srf_noalignment,0.25592805018697085,0.13340479434138428,0.960131680902441
0.8,SF,0.05357638592436592,0.003973389908113479,0.9985584703046971
0.8,SRF,0.0290546712611467,0.0014957725923845772,0.9995770181046941
0.8,naive_mean,0.9229753672332084,0.04151122081908023,0.5733689631588058
0.8,naive_median,0.885389146294794,0.056332100286019336,0.6067737076026344
0.8,srf_noalignment,0.2821929630282084,0.2015264487909207,0.9439384019837682
1.2,SF,0.10591963164647551,0.011733552879516291,0.9943354453106672
1.2,SRF,0.036954289783328376,0.0031840668053662474,0.9993131349207365
1.2,naive_mean,0.9362172137340359,0.058527265596708476,0.5603784880267483
1.2,naive_median,0.8917463720795309,0.08337673272105038,0.5996135321178022
1.2,srf_noalignment,0.27893543658176356,0.12352795644776032,0.9549938486998066
1.6,SF,0.1775402651258196,0.006866770094119741,0.9842208661169168
1.6,SRF,0.044387528849751876,0.0042975458281334835,0.9990074860812482
1.6,naive_mean,0.9639439481980505,0.051913548427168485,0.5343280257620568
1.6,naive_median,0.9250685545348066,0.07030496611903474,0.5701469694010425
1.6,srf_noalignment,0.4542446430755137,0.13177814869578047,0.8898847099291247
2.0,SF,0.20980528532103748,0.012421027407468853,0.9779291583569364
2.0,SRF,0.0598506880235933,0.013082971692368979,0.99814048191223
2.0,naive_mean,0.9933384628845132,0.020470053278838503,0.5064717398446209
2.0,naive_median,0.9612548846512311,0.03269083882387283,0.5375670469898711
2.0,srf_noalignment,0.5989534896062556,0.10562586373298073,0.8161646294085092
